City_ID,City,Lat,Lng,Max Temp,Humidity,Cloudiness,Wind Speed,Country,Date
0,hadibu,12.65,54.0333,23.2,72,36,8.03,YE,1735862822
1,port-aux-francais,-49.35,70.2167,5.6,99,100,5.37,TF,1735862823
2,grytviken,-54.2811,-36.5092,10.93,79,14,3.26,GS,1735862825
3,edinburgh of the seven seas,-37.0676,-12.3116,14.7,72,52,6.79,SH,1735862826
4,east london,-33.0153,27.9116,21.87,87,55,4.21,ZA,1735862827
5,iqaluit,63.7506,-68.5145,-5.15,74,75,3.6,CA,1735862535
6,albany,42.6001,-73.9662,0.88,59,50,2.24,US,1735862829
7,isafjordur,66.0755,-23.124,-3.58,84,97,4.97,IS,1735862830
8,adamstown,-25.066,-130.1015,24.54,76,100,5.79,PN,1735862831
9,waitangi,-43.9535,-176.5597,14.5,94,94,4.4,NZ,1735862832
10,anadyr,64.75,177.4833,-10.72,85,0,2.0,RU,1735862834
11,port mathurin,-19.6833,63.4167,25.56,72,2,7.66,MU,1735862835
12,an nuhud,12.7,28.4333,15.51,26,12,5.71,SD,1735862836
13,ust-nera,64.5667,143.2,-43.5,94,41,1.38,RU,1735862837
14,smithers,54.7804,-127.1743,-12.82,66,75,2.06,CA,1735862712
15,ushuaia,-54.8,-68.3,10.81,66,75,6.17,AR,1735862841
16,ulsan,35.5372,129.3167,0.2,42,98,3.37,KR,1735862842
17,ribeira grande,38.5167,-28.7,19.22,94,75,7.72,PT,1735862843
18,valparaiso,-33.0393,-71.6273,16.8,77,0,3.09,CL,1735862844
19,prince albert,53.2001,-105.7677,-20.39,100,99,1.97,CA,1735862845
20,bethel,41.3712,-73.414,2.05,61,100,5.14,US,1735862846
21,mugia,43.1041,-9.2179,14.95,91,100,13.97,ES,1735862847
22,utrik,11.2278,169.8474,27.33,76,99,5.47,MH,1735862848
23,ancud,-41.8697,-73.8203,15.17,87,43,1.67,CL,1735862850
24,ar rahad,12.7167,30.65,17.64,24,21,3.82,SD,1735862851
25,plouzane,48.3833,-4.6167,6.03,85,0,4.63,FR,1735862852
26,shani,10.2162,12.062,23.48,19,18,2.33,NG,1735862853
27,vilyuchinsk,52.9306,158.4028,-0.85,90,100,5.03,RU,1735862854
28,nuestra senora del rosario de caa cati,-27.7507,-57.6207,28.89,38,3,0.89,AR,1735862855
29,ponta delgada,37.7333,-25.6667,18.44,94,75,9.26,PT,1735862856
30,sao joao da barra,-21.6403,-41.0511,24.47,89,3,3.39,BR,1735862858
31,port alfred,-33.5906,26.891,22.88,94,59,1.34,ZA,1735862859
32,punta arenas,-53.15,-70.9167,12.06,54,40,8.23,CL,1735862860
33,papatowai,-46.5619,169.4708,13.25,77,100,5.45,NZ,1735862861
34,port elizabeth,-33.918,25.5701,22.95,89,19,1.34,ZA,1735862862
35,longyearbyen,78.2186,15.6401,-4.09,74,100,11.83,SJ,1735862863
36,stanley,54.868,-1.6985,-2.49,85,0,5.66,GB,1735862865
37,mount isa,-20.7333,139.5,32.87,33,33,3.6,AU,1735862866
38,invercargill,-46.4,168.35,16.12,68,100,4.02,NZ,1735862867
39,afaahiti,-17.75,-149.2833,26.34,77,37,1.88,PF,1735862868
40,uturoa,-16.7333,-151.4333,27.82,75,71,1.58,PF,1735862869
41,guerrero negro,27.9769,-114.0611,21.01,32,100,3.53,MX,1735862870
42,ilulissat,69.2167,-51.1,-1.99,100,100,6.69,GL,1735862871
43,enriquillo,17.9,-71.2333,22.72,86,74,4.31,DO,1735862872
44,augusto correa,-1.0217,-46.635,25.62,84,23,1.57,BR,1735862874
45,sunne,59.8376,13.143,-5.17,48,59,2.54,SE,1735862875
46,gizo,-8.103,156.8419,27.01,79,100,3.04,SB,1735862876
47,wailua homesteads,22.0669,-159.378,26.44,80,75,4.12,US,1735862877
48,karratha,-20.7377,116.8463,31.77,47,22,1.72,AU,1735862878
49,bredasdorp,-34.5322,20.0403,18.06,88,2,1.1,ZA,1735862879
50,tralee,52.2704,-9.7026,0.81,85,5,0.99,IE,1735862880
51,haiku-pauwela,20.9219,-156.3051,27.36,69,0,13.86,US,1735862882
52,dubbo,-32.25,148.6167,27.07,47,2,4.63,AU,1735862883
53,ouadda,8.0777,22.4007,19.47,19,83,3.38,CF,1735862884
54,bilibino,68.0546,166.4372,-20.43,94,15,1.9,RU,1735862885
55,al bawiti,28.3492,28.8659,10.79,57,21,3.21,EG,1735862886
56,morondava,-20.2833,44.2833,28.69,74,100,1.63,MG,1735862887
57,fort mcmurray,56.7268,-111.381,-23.23,77,100,1.54,CA,1735862716
58,dudinka,69.4058,86.1778,-23.35,100,86,1.8,RU,1735862890
59,kapuskasing,49.4169,-82.4331,-12.98,84,96,4.54,CA,1735862891
60,port blair,11.6667,92.75,25.48,76,32,4.29,IN,1735862892
61,alofi,-19.0595,-169.9187,28.94,70,75,4.63,NU,1735862894
62,wlodawa,51.55,23.55,1.16,59,100,4.5,PL,1735862896
63,lebu,-37.6167,-73.65,14.14,83,0,8.44,CL,1735862898
64,yambio,4.5721,28.3955,21.34,40,54,1.66,SS,1735862899
65,san juan de miraflores,-12.1629,-76.9635,22.87,76,100,3.64,PE,1735862900
66,lichuan,30.3,108.85,3.51,81,92,1.52,CN,1735862901
67,jamestown,42.097,-79.2353,-3.32,79,100,6.69,US,1735862902
68,lodja,-3.4833,23.4333,21.96,82,100,0.84,CD,1735862903
69,cabedelo,-6.9811,-34.8339,27.37,80,0,6.67,BR,1735862904
70,hongseong,36.6009,126.665,-0.94,45,7,1.78,KR,1735862906
71,san antonio de pale,-1.4014,5.6325,26.9,80,100,3.15,GQ,1735862907
72,tura,25.5198,90.2201,12.8,76,0,1.52,IN,1735862908
73,boende,-0.2167,20.8667,22.8,57,76,0.83,CD,1735862909
74,telciu,47.4333,24.4,0.6,93,100,1.81,RO,1735862910
75,el charco,2.4769,-78.1105,23.92,92,88,2.02,CO,1735862911
76,bolivar,37.6145,-93.4105,6.64,72,95,3.71,US,1735862912
77,hasaki,35.7333,140.8333,7.63,88,100,8.02,JP,1735862914
78,vadso,70.0744,29.7487,-9.91,79,20,6.17,NO,1735862915
79,kingston,17.997,-76.7936,25.53,89,75,4.63,JM,1735862916
80,isangel,-19.55,169.2667,25.06,94,100,1.03,VU,1735862917
81,kutum,14.2,24.6667,12.48,25,30,2.98,SD,1735862918
82,holualoa,19.6228,-155.9522,25.14,70,40,4.12,US,1735862919
83,bouarfa,32.53,-1.95,3.99,70,47,1.31,MA,1735862920
84,blackmans bay,-43.0167,147.3167,19.74,60,71,1.34,AU,1735862922
85,ajdabiya,30.7554,20.2263,13.76,53,100,6.51,LY,1735862923
86,carnarvon,-24.8667,113.6333,26.13,72,69,8.61,AU,1735862924
87,dongola,19.1667,30.4833,16.27,29,0,4.93,SD,1735862925
88,polyarnyy,69.1989,33.4478,-18.08,100,100,3.72,RU,1735862926
89,vila velha,-20.3297,-40.2925,26.08,86,0,5.14,BR,1735862927
90,villavicencio,4.142,-73.6266,24.1,75,98,2.05,CO,1735862928
91,remire-montjoly,4.9167,-52.2667,26.02,94,75,1.03,GF,1735862929
92,badger,64.8,-147.5333,-33.86,75,0,1.54,US,1735862931
93,cabo san lucas,22.8909,-109.9124,25.17,53,0,2.06,MX,1735862870
94,beledweyne,4.7358,45.2036,23.69,75,21,6.2,SO,1735862934
95,amursk,50.2261,136.8994,-26.65,99,80,1.46,RU,1735862935
96,queenstown,-31.8976,26.8753,18.76,81,93,0.79,ZA,1735862936
97,hermanus,-34.4187,19.2345,18.78,88,53,2.78,ZA,1735862938
98,mikashevichy,52.2173,27.476,0.73,67,100,5.02,BY,1735862939
99,genoa,44.4129,8.9573,13.68,89,40,10.29,IT,1735862940
100,kaka,37.3482,59.6143,2.98,76,78,1.23,TM,1735862941
101,georgetown,5.4112,100.3354,27.96,65,20,4.63,MY,1735862942
102,vancleave,30.5405,-88.6875,9.56,86,0,0.0,US,1735862943
103,dul'durga,50.6761,113.5931,-22.45,95,13,1.17,RU,1735862944
104,port augusta,-32.5,137.7667,30.67,14,0,2.32,AU,1735862946
105,buta,2.7858,24.73,20.68,45,78,0.09,CD,1735862947
106,sangkhla buri,15.1555,98.4536,16.1,81,12,0.68,TH,1735862948
107,dongsheng,39.8161,109.9776,-9.92,25,0,2.76,CN,1735862949
108,pagar alam,-4.0167,103.2667,20.65,95,97,0.59,ID,1735862950
109,margaret river,-33.95,115.0667,18.72,69,100,4.01,AU,1735862951
110,yellowknife,62.456,-114.3525,-33.58,75,20,2.57,CA,1735862712
111,olonets,60.9847,32.9698,-5.32,84,89,2.19,RU,1735862954
112,petropavlovsk-kamchatsky,53.0452,158.6483,-1.67,59,100,5.0,RU,1735862955
113,antofagasta,-23.65,-70.4,20.6,81,97,1.41,CL,1735862956
114,mokhsogollokh,61.4681,128.9203,-51.51,99,63,0.52,RU,1735862957
115,lihue,21.9789,-159.3672,26.77,74,75,4.12,US,1735862958
116,olonkinbyen,70.9221,-8.7187,-8.62,80,100,14.95,SJ,1735862960
117,la oroya,-11.5189,-75.8994,2.4,82,100,1.45,PE,1735862961
118,ulladulla,-35.35,150.4667,20.35,65,32,3.8,AU,1735862962
119,osakarovka,50.565,72.5692,-8.46,79,99,10.6,KZ,1735862963
120,talnakh,69.4865,88.3972,-15.36,96,99,2.5,RU,1735862964
121,port shepstone,-30.7414,30.455,22.56,88,84,2.53,ZA,1735862965
122,canitas de felipe pescador,23.6,-102.7167,18.33,22,100,4.08,MX,1735862967
123,huilong,31.8111,121.655,6.47,81,85,3.57,CN,1735862968
124,lenino,45.2986,35.7771,8.56,84,0,8.64,UA,1735862969
125,hawaiian paradise park,19.5933,-154.9731,26.73,76,20,3.6,US,1735862961
126,saipan,15.1355,145.701,30.39,79,40,10.29,MP,1735862971
127,clodomira,-27.5744,-64.1311,29.74,48,80,4.23,AR,1735862972
128,massawa,15.6097,39.45,25.62,61,65,2.92,ER,1735862973
129,gadzhiyevo,69.2551,33.3362,-18.42,100,99,3.73,RU,1735862975
130,happy valley-goose bay,53.3168,-60.3315,3.38,89,100,6.02,CA,1735862976
131,weno,7.4515,151.8468,28.45,77,94,9.84,FM,1735862977
132,klyuchi,52.2667,79.1667,-10.71,91,61,5.04,RU,1735862978
133,inyonga,-6.7167,32.0667,17.95,96,88,1.46,TZ,1735862979
134,molteno,-31.3968,26.3625,16.17,85,13,1.18,ZA,1735862980
135,aleksin,54.51,37.08,2.84,91,100,8.98,RU,1735862981
136,ola,59.5833,151.2833,-13.5,72,100,4.46,RU,1735862983
137,asyqata,40.8994,68.3611,4.44,74,95,1.57,KZ,1735862984
138,sola,-13.8833,167.55,27.6,78,81,5.84,VU,1735862985
139,vorkuta,67.5,64.0,-19.99,99,82,2.8,RU,1735862987
140,jiazi,22.8779,116.067,14.18,74,8,4.51,CN,1735862988
141,whitehorse,60.7161,-135.0538,-28.72,75,78,2.68,CA,1735862989
142,itoman,26.1247,127.6694,18.38,63,75,6.69,JP,1735862991
143,namibe,-15.1961,12.1522,20.67,79,100,2.24,AO,1735862992
144,eyl,7.9803,49.8164,22.78,76,3,9.47,SO,1735862993
145,gorontalo,0.5412,123.0595,26.95,84,89,0.42,ID,1735862994
146,castillos,-34.1667,-53.8333,17.45,74,21,4.11,UY,1735862995
147,sao francisco de paula,-29.4481,-50.5836,16.71,89,32,2.83,BR,1735862996
148,kabansk,52.0486,106.6528,-14.11,91,8,2.26,RU,1735862997
149,ufa,54.775,56.0375,1.65,95,100,6.14,RU,1735862999
150,qamdo,31.1667,97.2333,-7.05,27,68,1.28,CN,1735863000
151,puerto ayora,-0.7393,-90.3518,24.19,96,60,1.79,EC,1735863001
152,chonchi,-42.6128,-73.8092,16.73,87,88,1.06,CL,1735863002
153,fatsa,41.0278,37.5014,7.19,50,0,3.94,TR,1735863003
154,beloyarskiy,63.7119,66.6722,-20.88,100,83,2.37,RU,1735863004
155,gereshk,31.8209,64.5701,4.08,66,95,4.7,AF,1735863007
156,mount gambier,-37.8333,140.7667,22.75,26,0,2.18,AU,1735862880
157,gobernador virasora,-28.05,-56.0333,24.44,86,1,1.37,AR,1735863009
158,whangarei,-35.7317,174.3239,20.94,67,35,4.53,NZ,1735863010
159,truth or consequences,33.1284,-107.2528,18.13,13,0,3.09,US,1735863011
160,sant'antioco,39.0664,8.4522,10.74,82,0,0.86,IT,1735863013
161,oranjemund,-28.55,16.4333,16.86,92,3,5.69,NA,1735863014
162,fisterra,42.9049,-9.2629,14.5,89,100,14.2,ES,1735863015
163,hilo,19.7297,-155.09,26.85,75,20,3.6,US,1735863016
164,newman,37.3138,-121.0208,14.46,66,57,1.34,US,1735863017
165,tosontsengel,48.7567,98.2839,-28.07,86,15,0.6,MN,1735863018
166,murashi,59.3999,48.9615,-6.22,85,100,6.01,RU,1735863019
167,spanish wells,26.323,-81.7957,19.42,70,0,2.57,US,1735863021
168,west island,-12.1568,96.8225,26.99,78,40,6.17,CC,1735863022
169,codrington,-38.2667,141.9667,21.8,36,1,4.04,AU,1735863023
170,lubao,14.9167,120.55,24.66,91,95,1.53,PH,1735863024
171,peniche,39.3558,-9.3811,10.31,80,100,5.58,PT,1735863025
172,fortuna,40.5982,-124.1573,16.07,96,100,2.68,US,1735863026
173,north lakhimpur,27.2333,94.1167,10.05,100,0,0.51,IN,1735863028
174,'alaqahdari dishu,30.4374,63.313,2.6,66,74,4.62,AF,1735863029
175,oakdale,44.963,-92.9649,-7.93,72,100,8.23,US,1735863030
176,novodvinsk,64.4165,40.8122,-7.14,98,99,1.97,RU,1735863031
177,muktsar,30.4833,74.5167,13.82,20,100,1.48,IN,1735863032
178,sotkamo,64.1333,28.4167,-13.64,99,100,1.08,FI,1735863033
179,punta del este,-34.9667,-54.95,19.06,79,20,5.66,UY,1735863035
180,thompson,55.7435,-97.8558,-23.35,89,96,3.6,CA,1735863036
181,dryden,49.7833,-92.7503,-14.84,78,100,4.12,CA,1735863037
182,puerto natales,-51.7236,-72.4875,12.28,64,18,3.25,CL,1735863038
183,campo formoso,-10.5075,-40.3214,24.17,41,46,1.7,BR,1735863039
184,tiksi,71.6872,128.8694,-29.94,97,100,4.7,RU,1735863040
185,segou,13.4317,-6.2157,20.11,20,0,5.98,ML,1735863041
186,tofol,5.3248,163.0078,30.88,70,75,3.6,FM,1735863043
187,paysandu,-32.3214,-58.0756,27.0,18,0,4.19,UY,1735863044
188,piti village,13.4626,144.6933,27.39,89,40,8.2,GU,1735863045
189,simpang,-1.2667,104.0833,23.92,96,100,0.5,ID,1735863046
190,tabou,4.423,-7.3528,26.92,85,71,2.95,CI,1735863047
191,anloga,5.7947,0.8973,27.29,84,24,4.63,GH,1735863048
192,high rock,26.6208,-78.2833,21.1,61,94,6.22,BS,1735863050
193,aasiaat,68.7098,-52.8699,-2.52,97,100,4.48,GL,1735863051
194,brookings,44.3114,-96.7984,-8.3,87,100,3.6,US,1735863052
195,usogorsk,63.4106,48.6872,-5.87,97,100,2.16,RU,1735863053
196,ikaalinen,61.7695,23.0658,-8.17,85,80,2.46,FI,1735863054
197,corner brook,48.9667,-57.9484,3.84,85,100,4.9,CA,1735863056
198,palikir - national government center,6.9248,158.1611,29.47,79,100,5.66,FM,1735863057
199,college,64.8569,-147.8028,-34.03,69,0,1.54,US,1735863059
200,brisas de zicatela,15.8369,-97.0419,28.29,78,40,3.09,MX,1735863060
201,san patricio,28.017,-97.5169,17.97,83,99,4.73,US,1735863061
202,bathsheba,13.2167,-59.5167,27.34,74,20,7.2,BB,1735863063
203,puerto baquerizo moreno,-0.9,-89.6,23.81,87,29,4.65,EC,1735863064
204,lethem,3.3803,-59.7968,28.78,51,68,3.26,GY,1735863065
205,kodiak,57.79,-152.4072,3.73,93,100,0.0,US,1735863066
206,glace bay,46.1969,-59.957,3.32,93,100,3.13,CA,1735863067
207,st. john's,47.5649,-52.7093,6.75,97,100,7.72,CA,1735863068
208,zavodoukovsk,56.5042,66.5515,-5.4,92,100,6.84,RU,1735863070
209,okhotsk,59.3833,143.3,-25.71,65,19,8.62,RU,1735863071
210,san julian,21.0167,-102.1667,18.07,24,100,1.2,MX,1735863072
211,westport,41.1415,-73.3579,2.96,56,20,7.2,US,1735863073
212,nizhniy ingash,56.2,96.53,-8.05,95,100,2.83,RU,1735863074
213,akureyri,65.6835,-18.0878,-11.02,91,91,3.44,IS,1735863075
214,port lincoln,-34.7333,135.8667,22.13,59,9,4.0,AU,1735863076
215,colonia menno,-22.3667,-59.8167,28.52,62,98,2.36,PY,1735863078
216,enewetak,11.3474,162.3373,27.79,65,76,7.72,MH,1735863079
217,ust'-kut,56.7938,105.7672,-25.6,100,89,1.44,RU,1735863080
218,avarua,-21.2078,-159.775,28.03,83,75,6.17,CK,1735863081
219,fale old settlement,-9.3852,-171.2468,28.43,69,77,4.74,TK,1735863082
220,poronaysk,49.2167,143.1167,-20.17,91,67,1.88,RU,1735863083
221,laguna,38.421,-121.4238,15.58,69,0,1.54,US,1735863085
222,vila franca do campo,37.7167,-25.4333,18.27,99,99,8.46,PT,1735863086
223,skeldon,5.8833,-57.1333,24.7,93,100,2.78,GY,1735863087
224,tazovsky,67.4667,78.7,-17.59,95,100,5.29,RU,1735863088
225,tres arroyos,-38.3739,-60.2798,14.4,70,7,4.55,AR,1735863089
226,trinidad,-14.8333,-64.9,27.87,68,97,1.82,BO,1735863090
227,ribeira brava,32.65,-17.0667,19.35,65,70,2.92,PT,1735863091
228,kavaratti,10.5669,72.642,27.14,67,90,4.2,IN,1735863093
229,ebaye,8.7748,167.7392,30.01,70,40,6.17,MH,1735863094
230,qobustan,40.0824,49.412,6.65,64,10,5.76,AZ,1735863095
231,iskateley,67.6803,53.1512,-8.45,93,100,5.04,RU,1735863096
232,ha'il,27.5219,41.6907,2.01,75,0,0.0,SA,1735863097
233,udachny,66.4167,112.4,-38.0,100,89,1.74,RU,1735863098
234,saurimo,-9.6608,20.3916,17.11,97,99,0.94,AO,1735863099
235,kuta,-8.7233,115.1723,26.97,89,40,2.06,ID,1735863102
236,kerman,30.2832,57.0788,-1.43,68,100,3.09,IR,1735863103
237,nar'yan-mar,67.6713,53.087,-8.48,93,100,5.08,RU,1735863104
238,ko pha ngan,9.7578,100.0291,24.08,69,100,4.06,TH,1735863105
239,postbauer-heng,49.3053,11.3572,-0.27,90,100,2.74,DE,1735863107
240,zinacatepec,18.3333,-97.25,19.04,71,97,3.16,MX,1735863108
241,gray,35.4167,-100.802,8.89,39,0,3.41,US,1735863109
242,al majaridah,19.1236,41.9111,23.46,49,0,0.54,SA,1735863110
243,saint-pierre,-21.3393,55.4781,23.82,69,0,2.06,RE,1735863111
244,taroa,8.7058,171.2275,27.81,77,64,7.73,MH,1735863112
245,fort bragg,35.139,-79.006,6.01,61,0,0.45,US,1735863113
246,am timan,11.0297,20.2827,20.29,19,70,2.99,TD,1735863115
247,karatau,43.1667,70.4667,-1.7,82,12,1.52,KZ,1735863116
248,hithadhoo,-0.6,73.0833,27.6,79,73,8.2,MV,1735863117
249,pokhara,28.2333,83.9833,10.63,43,60,1.69,NP,1735862914
250,santa ana,33.7456,-117.8678,24.09,40,0,2.06,US,1735863119
251,puerto deseado,-47.7503,-65.8938,14.18,87,19,4.66,AR,1735863112
252,susuman,62.7833,148.1667,-43.85,99,89,0.18,RU,1735863121
253,port saint john's,-31.6229,29.5448,22.49,90,69,3.35,ZA,1735863123
254,tamandare,-8.7597,-35.1047,25.64,82,2,3.8,BR,1735863124
255,san juanito,28.0,-107.5833,12.67,15,100,0.57,MX,1735863125
256,selfoss,63.9331,-20.9971,-3.35,92,98,0.93,IS,1735863126
257,sitka,57.0531,-135.33,2.94,48,40,4.12,US,1735863127
258,mil'kovo,55.6078,37.7956,2.97,97,100,6.69,RU,1735863128
259,at taj,24.2049,23.2857,12.16,25,0,3.37,LY,1735863129
260,chinde,26.8212,87.7095,13.46,74,5,2.41,NP,1735863131
261,maslyanino,54.3436,84.2111,-8.37,92,100,5.79,RU,1735863132
262,alice springs,-23.7,133.8833,32.75,10,0,5.66,AU,1735863133
263,langon,44.5,-0.3333,7.4,94,100,1.41,FR,1735863134
264,villa gesell,-37.2639,-56.973,16.8,62,27,9.2,AR,1735863135
265,hammerfest,70.6634,23.6821,-2.75,86,75,3.6,NO,1735863137
266,adrar,20.5022,-10.0711,11.44,24,0,5.22,MR,1735863138
267,prymors'k,46.7348,36.3443,5.88,83,0,7.27,UA,1735863139
268,khandyga,62.6667,135.6,-47.18,99,54,0.48,RU,1735863140
269,laojunmiao,39.8333,97.7333,-6.91,54,100,0.62,CN,1735863141
270,inhambane,-23.865,35.3833,26.89,88,33,3.49,MZ,1735863142
271,flying fish cove,-10.4217,105.6791,25.82,94,97,2.57,CX,1735863144
272,micheweni,-4.9667,39.8333,27.03,78,90,4.24,TZ,1735863145
273,san rafael,-34.6177,-68.3301,27.77,20,0,4.29,AR,1735863146
274,iola,37.9245,-95.4,8.09,61,100,2.57,US,1735863147
275,melfort,52.8667,-104.6177,-18.47,99,99,2.6,CA,1735863158
276,aykhal,66.0,111.5,-35.03,100,93,2.17,RU,1735863159
277,sakaiminato,35.55,133.2333,8.32,51,89,9.55,JP,1735863160
278,olds,51.7834,-114.102,-20.43,99,80,2.85,CA,1735862881
279,qusmuryn,52.4503,64.6311,1.58,94,100,11.04,KZ,1735863162
280,burao,9.5221,45.5336,16.26,55,21,6.26,SO,1735863164
281,taoudenni,22.6783,-3.9836,12.81,43,2,4.78,ML,1735863165
282,lompoc,34.6391,-120.4579,19.73,46,0,3.6,US,1735863166
283,al kharijah,25.4514,30.5464,12.11,36,4,3.66,EG,1735863167
284,badr hunayn,23.7829,38.7905,16.58,28,2,4.2,SA,1735863168
285,san pedro pochutla,15.7333,-96.4667,23.69,79,99,1.78,MX,1735863065
286,tegueste,28.5167,-16.3167,15.64,89,40,4.02,ES,1735863171
287,viedma,-40.8135,-62.9967,16.2,59,43,3.2,AR,1735863172
288,sao vicente,-23.9631,-46.3919,26.1,26,94,2.01,BR,1735863173
289,rio grande,-32.035,-52.0986,22.0,90,59,6.46,BR,1735863174
290,nowshahr,36.649,51.496,11.19,54,5,2.75,IR,1735863176
291,greymouth,-42.4667,171.2,18.68,65,52,2.89,NZ,1735863177
292,luderitz,-26.6481,15.1594,18.93,70,0,8.12,NA,1735863178
293,thinadhoo,0.5333,72.9333,27.0,79,77,5.43,MV,1735863179
294,itapirapua,-15.8233,-50.6133,22.2,94,96,0.31,BR,1735863180
295,yuzhno-sukhokumsk,44.6581,45.6436,5.89,58,0,2.71,RU,1735863182
296,karema,-6.8205,30.4389,22.21,83,99,1.51,TZ,1735863183
297,vilyuysk,63.7553,121.6247,-49.32,100,61,1.46,RU,1735863184
298,alta,69.9689,23.2717,-13.41,78,20,1.54,NO,1735863185
299,glen innes,-29.7333,151.7333,21.74,47,21,4.42,AU,1735863188
300,porto-vecchio,41.591,9.2795,12.81,88,75,8.23,FR,1735863189
301,ficarazzi,38.0897,13.4681,10.53,71,0,1.34,IT,1735863190
302,ewo,-0.8725,14.8206,24.94,40,23,1.55,CG,1735863191
303,labrador city,52.9463,-66.9114,0.1,97,100,5.81,CA,1735863193
304,crane,31.3974,-102.3501,14.96,21,0,1.77,US,1735863194
305,nova olinda do norte,-3.8881,-59.0942,23.45,99,100,0.75,BR,1735863195
306,hirara,24.8,125.2833,20.31,78,100,11.09,JP,1735863196
307,demopolis,32.5176,-87.8364,5.97,75,0,0.0,US,1735863197
308,lubango,-14.9172,13.4925,14.6,88,100,2.31,AO,1735863198
309,siwa oasis,29.2041,25.5195,12.28,59,67,3.22,EG,1735863200
310,nelson bay,-32.7167,152.15,24.44,67,100,4.47,AU,1735863201
311,argo,37.6333,22.7333,7.64,73,0,1.9,GR,1735863202
312,yuzhnoural'sk,54.4418,61.2536,2.16,85,100,7.76,RU,1735863204
313,hobyo,5.3505,48.5268,24.58,82,25,9.94,SO,1735863206
314,sidney,-33.8679,151.2073,23.17,70,75,2.57,AU,1735863207
315,kennett,36.2362,-90.0556,5.58,77,75,3.09,US,1735863210
316,gazli,40.1333,63.45,3.2,89,100,2.97,UZ,1735863211
317,kayangel,8.0823,134.7173,27.94,79,78,6.15,PW,1735863213
318,jayamkondacholapuram,11.2167,79.3667,19.62,83,98,3.6,IN,1735863214
319,mossel bay,-34.1831,22.146,20.09,82,9,1.81,ZA,1735863215
320,north bend,43.4065,-124.2243,13.98,94,100,4.63,US,1735863216
321,opuwo,-18.0607,13.84,21.25,34,99,1.23,NA,1735863217
322,richards bay,-28.783,32.0377,24.3,91,100,1.36,ZA,1735863218
323,ambovombe,-25.1667,46.0833,23.79,90,93,0.91,MG,1735863219
324,malanje,-9.5402,16.341,17.64,92,100,1.09,AO,1735863221
325,revda,56.801,59.9303,0.78,95,100,7.55,RU,1735863222
326,kainantu,-6.2887,145.8655,19.44,86,100,1.25,PG,1735863223
327,zelenodolsk,55.8438,48.5178,1.01,97,98,6.37,RU,1735863224
328,safaga,26.7292,33.9365,16.44,58,31,5.9,EG,1735863225
329,keflavik,64.0049,-22.5624,1.24,93,75,6.69,IS,1735863226
330,berdigestyakh,62.0989,126.6992,-51.69,100,63,1.14,RU,1735863227
331,tanout,14.9709,8.8879,18.64,16,52,4.32,NE,1735863229
332,horsham,51.064,-0.3272,-1.11,81,0,1.54,GB,1735863230
333,cidreira,-30.1811,-50.2056,23.16,83,54,5.0,BR,1735863231
334,bamboo flat,11.7,92.7167,24.77,77,32,4.08,IN,1735863232
335,howard springs,-12.497,131.047,30.95,86,73,2.04,AU,1735863233
336,shinkafi,13.0753,6.5105,21.7,18,25,4.59,NG,1735863234
337,isiro,2.7739,27.616,19.31,47,97,1.32,CD,1735863235
338,hagere maryam,5.6333,38.2333,13.06,41,92,0.82,ET,1735863237
339,luocheng,29.3848,104.0286,7.49,88,41,0.92,CN,1735863238
340,tame,6.461,-71.73,26.23,61,94,2.14,CO,1735863239
341,new norfolk,-42.7826,147.0587,20.4,30,55,1.16,AU,1735863047
342,melioratorov,57.2107,65.6077,-6.79,86,100,7.0,RU,1735863242
343,flin flon,54.7682,-101.865,-21.13,88,96,3.52,CA,1735863244
344,constantia,44.1833,28.65,2.61,65,24,4.23,RO,1735863245
345,necochea,-38.5473,-58.7368,15.21,73,47,7.61,AR,1735863246
346,manismata,-2.4667,111.0333,24.25,95,100,0.82,ID,1735863247
347,ryotsu-minato,38.0833,138.4333,0.35,83,100,2.42,JP,1735863248
348,xining,36.6167,101.7667,-9.18,70,100,1.86,CN,1735863249
349,portland,45.5234,-122.6762,6.76,95,100,4.02,US,1735862749
350,honiara,-9.4333,159.95,28.44,77,98,1.96,SB,1735863252
351,twentynine palms,34.1356,-116.0542,19.52,17,6,2.2,US,1735863253
352,bethanie,-26.4833,17.15,28.59,28,72,2.15,NA,1735863254
353,kruisfontein,-34.0033,24.7314,17.26,87,0,1.91,ZA,1735863255
354,hotan,37.0997,79.9269,-5.12,71,23,0.52,CN,1735863256
355,kununurra,-15.7667,128.7333,31.99,51,99,3.6,AU,1735863257
356,nava,28.4167,-100.7667,18.32,67,37,4.37,MX,1735863259
357,tsagan aman,47.5639,46.7218,3.84,83,0,6.71,RU,1735863260
358,jeju city,33.5097,126.5219,6.71,58,95,7.66,KR,1735863261
359,lorengau,-2.0226,147.2712,29.52,68,54,0.96,PG,1735863262
360,northam,51.0333,-4.2167,3.5,74,9,1.77,GB,1735863263
361,watertown,42.3709,-71.1828,2.73,66,0,8.75,US,1735863264
362,tachov,49.7953,12.6337,-1.0,99,70,0.89,CZ,1735863266
363,kingsburg,36.5138,-119.554,16.54,69,72,2.06,US,1735863267
364,christchurch,-43.5333,172.6333,12.4,94,75,9.77,NZ,1735863006
365,sorsk,54.0033,90.2467,-8.98,80,61,5.43,RU,1735863269
366,sao gabriel da cachoeira,-0.1303,-67.0892,23.72,98,100,0.19,BR,1735863270
367,pitkyaranta,61.5734,31.4792,-6.84,84,87,3.04,RU,1735863271
368,pomona,34.0553,-117.7523,25.57,33,0,3.09,US,1735863272
369,along,28.1667,94.7667,6.22,80,0,0.19,IN,1735863274
370,colonia,50.9333,6.95,2.36,90,75,4.63,DE,1735863275
371,anaconda,46.1285,-112.9423,-2.69,91,100,2.61,US,1735863276
372,damnoen saduak,13.5182,99.9547,18.73,68,6,2.53,TH,1735863277
373,datca,36.7378,27.6842,13.35,67,97,4.52,TR,1735863279
374,obidos,-1.9175,-55.5181,26.66,72,100,2.34,BR,1735863281
375,gimbi,9.1667,35.8333,12.95,53,84,1.18,ET,1735863282
376,thunder bay,48.4001,-89.3168,-8.58,75,100,4.22,CA,1735863283
377,kahama,-3.8333,32.6,17.9,92,31,1.18,TZ,1735863284
378,felipe carrillo puerto,19.5833,-88.05,20.59,98,100,1.41,MX,1735863285
379,arkalyk,50.2486,66.9114,-4.69,94,100,12.72,KZ,1735863286
380,naze,28.3667,129.4833,15.07,61,44,6.71,JP,1735863287
381,floro,61.5996,5.0328,-3.02,59,40,6.69,NO,1735863289
382,conception bay south,47.4999,-52.9981,6.62,98,100,5.31,CA,1735863290
383,zambezi,-13.5432,23.1047,17.46,96,98,1.84,ZM,1735863291
384,inari,68.906,27.0288,-22.21,100,98,1.95,FI,1735863292
385,chililabombwe,-12.3648,27.8229,17.67,98,100,0.66,ZM,1735863293
386,salinas,36.6777,-121.6555,22.05,49,0,1.54,US,1735863016
387,kone,-21.0595,164.8658,33.78,41,14,1.36,NC,1735863295
388,bandarbeyla,9.4942,50.8122,23.44,73,15,8.86,SO,1735863297
389,ust'-ilimsk,58.0006,102.6619,-30.6,100,78,1.14,RU,1735863298
390,broken hill,-31.95,141.4333,27.43,13,0,3.81,AU,1735863299
391,novaya igirma,57.1334,103.9112,-30.5,100,95,0.83,RU,1735863300
392,san rafael del yuma,18.4299,-68.6739,21.74,84,46,3.44,DO,1735863301
393,atafu village,-8.5421,-172.5159,28.33,66,99,4.6,TK,1735863302
394,hirado,33.3597,129.5531,8.7,53,26,8.66,JP,1735863304
395,grand-bassam,5.2118,-3.7388,28.98,87,59,2.62,CI,1735863305
396,benghazi,32.1167,20.0667,14.99,56,99,5.8,LY,1735863306
397,kerikeri,-35.2268,173.9474,21.62,84,30,2.24,NZ,1735863307
398,menomonie,44.8755,-91.9193,-6.29,60,90,4.83,US,1735863308
399,moses lake,47.1301,-119.2781,0.38,100,100,2.06,US,1735863309
400,nova sintra,14.8667,-24.7167,24.52,65,16,5.69,CV,1735863310
401,chebarkul',54.9749,60.3633,1.98,83,100,5.89,RU,1735863309
402,marka,1.7159,44.7717,24.89,89,35,6.49,SO,1735863313
403,dapaong,10.8639,0.205,25.23,22,2,3.37,TG,1735863314
404,vila do maio,15.1333,-23.2167,23.62,64,14,7.67,CV,1735863315
405,mayya,61.7333,130.2811,-52.38,100,64,0.59,RU,1735863316
406,qaqortoq,60.7167,-46.0333,0.02,98,100,2.37,GL,1735863317
407,the pas,53.8251,-101.2541,-17.53,91,100,3.85,CA,1735863318
408,waingapu,-9.6567,120.2641,24.0,91,100,0.98,ID,1735863320
409,short pump,37.6504,-77.6125,2.86,58,0,2.06,US,1735863321
410,ta`u,-14.2336,-169.5144,28.62,74,71,2.73,AS,1735863322
411,tselinnoye,53.0833,85.6667,-7.83,89,98,6.25,RU,1735863323
412,megalopoli,37.4011,22.1422,8.48,81,0,0.68,GR,1735863324
413,tambopata,-12.7333,-69.1833,24.98,85,71,1.26,PE,1735863325
414,anton lizardo,19.05,-95.9833,25.12,83,100,3.44,MX,1735863327
415,spassk-dal'niy,44.5978,132.8211,-15.43,88,21,2.25,RU,1735863328
416,challapata,-18.9,-66.7667,13.57,57,91,4.86,BO,1735863329
417,acarau,-2.8856,-40.12,26.94,84,5,7.47,BR,1735863331
418,norton,-17.8833,30.7,18.49,91,100,1.46,ZW,1735863332
419,turbat,26.0023,63.044,14.62,51,79,5.36,PK,1735863334
420,agrestina,-8.4581,-35.9447,22.22,87,39,3.49,BR,1735863335
421,ad dabbah,18.05,30.95,17.06,29,4,4.65,SD,1735863337
422,andkhoy,36.9529,65.1238,2.05,97,100,2.38,AF,1735863338
423,freetown,8.484,-13.2299,25.49,81,5,3.19,SL,1735863339
424,varadero,23.1536,-81.2514,22.42,71,88,7.07,CU,1735863341
425,levuka,50.1834,-105.4011,-19.52,98,100,1.98,CA,1735863342
426,kenai,60.5544,-151.2583,-8.97,63,0,2.57,US,1735863343
427,tanjung pandan,-2.75,107.65,26.35,83,100,1.71,ID,1735863344
428,pacific grove,36.6177,-121.9166,21.06,64,0,0.45,US,1735863345
429,adam,22.3756,57.5233,13.3,60,0,3.99,OM,1735863348
430,sao fidelis,-21.6461,-41.7469,23.53,92,43,1.25,BR,1735863349
431,al qaryatayn,34.2296,37.2407,5.05,66,0,2.75,SY,1735863350
432,kiliya,45.4552,29.2637,3.68,70,0,2.8,UA,1735863351
433,bandar lampung,-5.4254,105.258,24.38,91,57,1.58,ID,1735863352
434,sandnessjoen,66.0217,12.6316,-3.57,74,98,8.38,NO,1735863353
435,tamanrasset,22.785,5.5228,4.95,22,0,1.54,DZ,1735863355
436,tommot,58.9564,126.2925,-51.54,100,99,0.42,RU,1735863356
437,balabac,7.9868,117.0645,26.83,79,90,1.13,PH,1735863357
438,gornyye klyuchi,45.25,133.5,-16.71,96,60,1.81,RU,1735863358
439,oodweyne,9.4092,45.064,18.02,38,83,9.61,SO,1735863359
440,dunmore,41.4198,-75.6324,-0.42,66,100,6.69,US,1735863360
441,nova vicosa,-17.8919,-39.3719,24.84,84,100,4.35,BR,1735863361
442,hutchinson,38.0608,-97.9298,4.46,63,0,5.66,US,1735863341
443,walcz,53.2779,16.4712,0.75,88,33,6.4,PL,1735863364
444,sisimiut,66.9395,-53.6735,-1.1,98,100,5.48,GL,1735863365
445,alvaraes,-3.2208,-64.8042,24.06,97,94,1.75,BR,1735863366
446,ignalina,55.35,26.1667,-2.72,89,19,4.32,LT,1735863367
447,fort st. john,56.2499,-120.8529,-30.52,100,70,1.4,CA,1735863368
448,kosh-agach,50.0,88.6667,-20.42,91,100,1.04,RU,1735863369
449,kayes,14.0,-11.0,22.35,17,19,5.38,ML,1735863371
450,manggar,-2.8833,108.2667,26.0,85,100,1.65,ID,1735863372
451,verkhovazh'ye,60.7472,42.0465,-10.83,90,88,3.67,RU,1735863373
452,chernyshevskiy,63.0128,112.4714,-40.32,100,100,0.96,RU,1735863374
453,talcher,20.95,85.2167,12.95,36,66,1.14,IN,1735863375
454,sohbatpur,28.5202,68.5434,15.32,29,100,1.96,PK,1735863376
455,kalaleh,37.3807,55.4916,5.88,56,4,2.13,IR,1735863377
456,kulhudhuffushi,6.6221,73.07,28.06,71,100,6.25,MV,1735863379
457,villa emilio carranza,19.9667,-96.6,23.01,82,96,1.69,MX,1735863380
458,fendou,46.65,124.8667,-25.33,96,8,1.78,CN,1735863381
459,auki,-8.7676,160.7034,28.15,77,100,1.56,SB,1735863382
460,percut,3.6253,98.864,25.12,94,87,2.36,ID,1735863383
461,severo-yeniseyskiy,60.3725,93.0408,-13.84,94,100,1.58,RU,1735863384
462,bossangoa,6.4926,17.4552,21.44,20,82,1.39,CF,1735863386
463,uyuni,-20.4597,-66.825,13.02,54,84,4.68,BO,1735863387
464,zyryanskoye,56.8306,86.6258,-5.69,91,100,5.32,RU,1735863388
465,kavieng,-2.5744,150.7967,28.71,70,93,1.33,PG,1735863389
466,pandan,14.0453,124.1694,26.47,86,83,2.08,PH,1735863390
467,baiyin,36.5583,104.2081,-5.63,46,83,0.34,CN,1735863391
468,kosk,37.8533,28.0517,6.71,87,40,4.12,TR,1735863392
469,bardai,11.65,7.2333,20.41,21,67,3.99,NG,1735863394
470,luanshya,-13.1367,28.4166,18.02,99,100,0.98,ZM,1735863395
471,gassol,8.5333,10.4667,25.84,18,9,2.55,NG,1735863396
472,stornoway,58.2093,-6.3865,2.98,81,40,3.09,GB,1735863397
473,el abiodh sidi cheikh,32.893,0.5484,6.74,75,58,3.55,DZ,1735863398
474,coquimbo,-29.9533,-71.3436,14.99,82,20,1.87,CL,1735863399
475,kudahuvadhoo,2.6708,72.8944,26.98,81,100,5.56,MV,1735863401
476,sona,45.4388,10.8255,4.51,93,75,0.51,IT,1735863402
477,halifax,44.6453,-63.5724,3.03,81,95,5.66,CA,1735863403
478,tazacorte,28.629,-17.9293,17.54,68,0,3.6,ES,1735863404
479,nabire,-3.3667,135.4833,25.2,93,100,0.59,ID,1735863405
480,kailua-kona,19.6406,-155.9956,26.98,74,40,4.12,US,1735863406
481,talcahuano,-36.7167,-73.1167,18.82,59,0,5.14,CL,1735863407
482,gwarzo,11.9152,7.9346,20.09,23,55,4.23,NG,1735863409
483,lerwick,60.1545,-1.1494,-0.86,64,100,12.54,GB,1735863410
484,alotau,-10.3069,150.4462,26.18,90,96,1.63,PG,1735863411
485,woolgoolga,-30.1106,153.2007,25.52,72,18,6.01,AU,1735863412
486,okha,53.5739,142.9478,-9.56,79,100,5.43,RU,1735863413
487,al kharj,24.155,47.3346,8.78,50,0,4.1,SA,1735863414
488,as sulayyil,20.4607,45.5779,10.82,34,0,3.15,SA,1735863416
489,saint albans,51.75,-0.3333,-0.74,90,6,4.63,GB,1735863418
490,bel ombre,-4.6167,55.4167,25.91,78,40,3.09,SC,1735863419
491,lethbridge,49.7,-112.8186,-14.62,93,100,2.55,CA,1735863361
492,shingu,33.7333,135.9833,7.47,57,0,1.71,JP,1735863421
493,steinbach,50.1667,8.5667,1.46,100,75,1.03,DE,1735863423
494,ciudad lazaro cardenas,17.9583,-102.2,25.75,70,75,1.68,MX,1735863354
495,kill devil hills,36.0307,-75.676,6.1,54,0,4.12,US,1735863425
496,coruripe,-10.1256,-36.1756,25.44,76,65,4.64,BR,1735863426
497,merizo village,13.2658,144.6691,27.21,89,51,8.07,GU,1735863427
498,inongo,-1.95,18.2667,23.78,67,87,0.86,CD,1735863428
499,carutapera,-1.195,-46.02,26.33,81,29,3.13,BR,1735863429
500,starke,29.9441,-82.1098,8.29,76,40,0.0,US,1735863431
501,mandalgovi,45.7625,106.2708,-17.69,72,1,3.74,MN,1735863432
502,kourou,5.1552,-52.6478,24.79,93,98,2.23,GF,1735863433
503,praia da vitoria,38.7333,-27.0667,17.5,93,100,8.66,PT,1735863434
504,belyy yar,53.6039,91.3903,-20.06,92,100,0.0,RU,1735863435
505,sinabang,2.4803,96.3801,26.09,83,78,0.74,ID,1735863436
506,trincomalee,8.5711,81.2335,26.35,67,92,6.16,LK,1735863439
507,bairnsdale,-37.8333,147.6167,21.14,61,49,2.24,AU,1735863440
508,nouadhibou,20.931,-17.0347,18.99,37,0,7.72,MR,1735863441
509,bereket,39.2446,55.5154,5.19,80,61,0.34,TM,1735863442
510,taulaga,-11.0553,-171.0883,27.74,76,100,3.55,AS,1735863443
511,touros,-5.1989,-35.4608,26.82,81,0,6.59,BR,1735863445
512,bugene,-1.5911,31.1403,13.76,82,87,1.17,TZ,1735863446
513,arraial do cabo,-22.9661,-42.0278,24.41,93,6,6.42,BR,1735863447
514,lazaro cardenas,17.9583,-102.2,25.75,70,75,1.68,MX,1735863448
515,kalemie,-5.9475,29.1947,20.43,93,100,0.57,CD,1735863449
516,burang,30.25,81.1667,-7.99,62,100,1.68,CN,1735863450
517,tekkali,18.6167,84.2333,16.27,80,71,1.17,IN,1735863451
518,antsiranana,-12.2787,49.2917,24.14,85,8,4.05,MG,1735863453
519,suva,-18.1416,178.4415,26.8,86,80,4.28,FJ,1735863454
520,mili,6.0815,171.735,27.16,83,92,7.8,MH,1735863455
521,el bayadh,33.6832,1.0193,2.75,93,78,2.69,DZ,1735863456
522,tsiombe,-25.3,45.4833,23.05,92,89,2.34,MG,1735863457
523,korla,41.7597,86.1469,-9.42,79,52,1.53,CN,1735863458
524,la passe,45.5549,-0.8967,7.31,90,100,2.92,FR,1735863459
525,el alto,-4.2714,-81.2147,19.62,86,98,5.48,PE,1735863461
526,chibougamau,49.9168,-74.3659,-7.21,86,100,6.69,CA,1735863462
527,kafranbel,35.6138,36.5645,4.87,61,0,0.38,SY,1735863463
528,hamilton,39.1834,-84.5333,2.1,74,0,2.06,US,1735863464
529,port moresby,-9.4431,147.1797,28.2,68,95,1.23,PG,1735863303
530,puerto san jose,13.9256,-90.8244,29.03,76,0,2.06,GT,1735863466
531,ploneour-lanvern,47.9,-4.2833,5.18,87,0,3.6,FR,1735863468
532,bereznik,62.8551,42.7072,-10.06,92,100,4.42,RU,1735863469
533,nishinoomote,30.7333,131.0,11.31,62,20,6.69,JP,1735863470
534,papao,-17.75,-149.55,27.82,74,36,1.52,PF,1735863471
535,bokhan,53.153,103.7714,-26.92,100,44,1.13,RU,1735863472
536,vorgashor,67.5833,63.95,-15.36,92,78,5.03,RU,1735863473
537,yuzhno-kurilsk,44.0306,145.8556,-3.85,67,96,4.17,RU,1735863474
538,varna,43.2167,27.9167,6.04,81,22,2.57,BG,1735863476
539,midvagur,62.0511,-7.1939,-2.54,54,100,11.32,FO,1735863477
540,demba,-5.51,22.2667,20.16,89,93,1.1,CD,1735863478
541,iitti,60.8949,26.3387,-6.5,99,100,3.74,FI,1735863479
542,goz beida,13.95,20.55,19.68,14,48,4.71,TD,1735863480
543,tiwi,13.4667,123.6167,24.44,85,90,2.04,PH,1735863481
544,zakamensk,50.3741,103.2863,-24.07,92,13,1.77,RU,1735863482
545,eagle point,42.4726,-122.8028,9.56,94,100,2.57,US,1735863484
546,sungailiat,-1.85,106.1333,26.27,84,93,1.99,ID,1735863485
547,wenzhou,27.9994,120.6668,9.19,63,0,1.32,CN,1735863486
548,groton,41.3501,-72.0784,3.38,48,0,6.69,US,1735863487
549,muisne,0.6,-80.0333,25.43,79,45,5.77,EC,1735863488
550,trairi,-3.2778,-39.2689,26.82,83,10,4.92,BR,1735863489
551,jieshi,22.8134,115.8257,14.51,66,13,3.84,CN,1735863490
552,asind,25.7333,74.3333,14.8,42,69,2.62,IN,1735863492
553,santa elena de uairen,4.6167,-61.1333,20.1,83,90,1.47,VE,1735863493
554,lauro de freitas,-12.8944,-38.3272,26.01,78,0,5.14,BR,1735863494
555,howrah,22.5892,88.3103,12.0,94,36,2.57,IN,1735863495
556,zhaoyuan,37.3592,120.3964,-2.63,75,4,2.78,CN,1735863496
557,usinsk,65.9939,57.5281,-9.76,86,100,3.64,RU,1735863498
558,la sarre,48.8002,-79.1996,-12.22,84,100,5.87,CA,1735863499
559,belmonte,-15.8631,-38.8828,26.14,77,96,4.24,BR,1735863500
560,pisco,-13.7,-76.2167,21.03,83,40,6.69,PE,1735863501
561,camana,-16.6228,-72.7111,21.23,82,65,2.15,PE,1735863502
562,nikolayevsk-on-amure,53.1406,140.73,-17.91,98,100,2.01,RU,1735863503
563,tisul',55.7611,88.3122,-5.1,89,100,8.01,RU,1735863504
564,nadym,65.5333,72.5167,-18.75,100,99,1.98,RU,1735863506
565,tefe,-3.3542,-64.7114,24.15,97,95,1.65,BR,1735863507
566,prado,-17.3411,-39.2208,25.32,82,100,4.86,BR,1735863508
567,kas,36.2018,29.6377,10.86,75,30,1.9,TR,1735863509
568,vernon,50.2581,-119.2691,-0.26,86,100,0.0,CA,1735863510
569,parapat,2.663,98.9349,20.75,92,84,0.42,ID,1735863511
570,betare oya,5.6,14.0833,21.32,23,98,2.63,CM,1735863513
571,charters towers,-20.1,146.2667,28.64,54,86,3.82,AU,1735863514
572,turan,16.0678,108.2208,19.99,94,100,0.51,VN,1735863515
573,sabang,5.8933,95.3214,27.2,76,41,4.9,ID,1735863516
574,cockburn town,21.4612,-71.1419,24.82,75,87,9.04,TC,1735863517
575,coyhaique,-45.5752,-72.0662,13.43,90,94,2.89,CL,1735863518
576,businga,3.3333,20.8833,21.19,35,94,0.62,CD,1735863519
577,cottage grove,44.8277,-92.9438,-7.45,73,100,8.23,US,1735863520
578,upington,-28.4478,21.2561,30.21,30,0,4.63,ZA,1735863522
579,harrismith,-28.2728,29.1295,16.3,96,99,1.9,ZA,1735863523
580,vallegrande,-18.4897,-64.1069,16.51,87,70,1.52,BO,1735863524
581,maki,37.75,138.8833,1.98,87,99,3.85,JP,1735863525
582,berbera,10.4396,45.0143,24.15,70,37,3.93,SO,1735863526
583,arkhangel'sk,64.5401,40.5433,-6.94,100,100,3.0,RU,1735863527
